format,N,target_clock_mhz,fmax_mhz,slack_ns,tns_ns,cell_area_um2,seq_area_um2,sram_area_um2,cell_count,total_power_mw,static_power_mw
fp16,2,1500,1382.234,-0.0568,-1.9011,720.864,120.431,0.0,8268,2.33,0.00463
fp16,4,1500,1366.369,-0.0652,-2.1584,744.703,120.722,0.0,9235,2.32,0.0048
fp16,8,1500,1362.274,-0.0674,-2.6509,748.071,121.014,0.0,10428,2.31,0.00488
fp16,16,1500,1323.16,-0.0891,-2.7973,762.242,121.306,0.0,12972,3.01,0.00485
mxfp4,2,1500,1376.715,-0.0597,-1.0955,513.274,97.686,0.0,5733,2.41,0.00302
mxfp4,4,1500,1422.745,-0.0362,-0.6294,520.608,101.768,0.0,6153,2.34,0.00307
mxfp4,8,1500,1410.305,-0.0424,-1.083,530.625,104.101,0.0,7067,2.27,0.00316
mxfp4,16,1500,1383.19,-0.0563,-1.7473,541.749,108.184,0.0,8720,2.27,0.00323
nvfp4,2,1500,1118.36,-0.2275,-17.4955,719.086,111.683,0.0,8004,11.8,0.00418
nvfp4,4,1500,1080.302,-0.259,-23.9094,724.699,115.474,0.0,8326,11.0,0.00422
nvfp4,8,1500,1092.578,-0.2486,-27.8002,737.456,117.806,0.0,8946,11.0,0.00427
nvfp4,16,1500,1121.118,-0.2253,-26.3167,757.358,121.889,0.0,10014,11.2,0.00447
rzr4,2,1500,945.12,-0.3914,-38.773,737.048,111.683,0.0,8279,14.6,0.00415
rzr4,4,1500,915.36,-0.4258,-37.8994,741.685,111.974,0.0,8546,13.9,0.00423
rzr4,8,1500,939.526,-0.3977,-38.2104,737.486,112.266,0.0,8920,14.7,0.00422
rzr4,16,1500,948.077,-0.3881,-38.6895,766.398,112.558,0.0,10206,13.9,0.00437
if4,2,1500,677.935,-0.8084,-112.3279,1198.155,121.014,0.0,13415,130.0,0.00669
if4,4,1500,672.691,-0.8199,-120.3771,1227.169,124.805,0.0,13909,137.0,0.00679
if4,8,1500,697.658,-0.7667,-117.0901,1227.374,127.138,0.0,14192,132.0,0.0068
if4,16,1500,677.798,-0.8087,-131.2379,1247.917,131.22,0.0,15145,123.0,0.00699
mxfp8,2,1500,1337.137,-0.0812,-8.0144,720.762,121.014,0.0,8033,5.28,0.00416
mxfp8,4,1500,1187.554,-0.1754,-19.4999,736.217,121.306,0.0,8482,5.52,0.00423
mxfp8,8,1500,1229.76,-0.1465,-15.9275,746.656,121.597,0.0,9020,5.93,0.00425
mxfp8,16,1500,1294.89,-0.1056,-13.6089,756.746,121.889,0.0,9951,6.09,0.00433
# --- lnsf4_al<b>: lane-grouped lnsf4 FEDP N=4 SF=2 (32-thread config) sweeping VX_CFG_TCU_LNSF4_ANTILOG_BITS ---
# --- (antilog stored as [1.b] fixed point). e2e sgemm_tcu_mx rtlsim NT=4 m=n=k=32, fails@5%/fails@10% rel tol, ---
# --- and max |err|/sum|a*b| (%): b=8: 2/1/0.1351%; b=7: 4/1/0.0807%; b=6: 4/2/0.2712%; b=5: 32/19/0.6202%; b=4: 37/19/0.8873%; b=3: 49/23/2.6834%; b=2: 279/>=36/3.7289% ---
lnsf4_al8,4,1500,726.181,-0.7104,-20.3888,638.735,69.692,0.0,6783,23.6,0.00368
lnsf4_al7,4,1500,719.701,-0.7228,-20.1136,632.772,69.401,0.0,6703,22.7,0.00366
lnsf4_al6,4,1500,737.209,-0.6898,-19.7418,621.443,69.109,0.0,6618,19.6,0.00357
lnsf4_al5,4,1500,734.178,-0.6954,-18.5817,610.202,68.818,0.0,6516,17.1,0.00350
lnsf4_al4,4,1500,754.337,-0.659,-17.8849,602.591,68.526,0.0,6439,14.4,0.00345
lnsf4_al3,4,1500,798.935,-0.585,-15.8449,599.034,68.234,0.0,6347,14.2,0.00347
lnsf4_al2,4,1500,805.304,-0.5751,-14.3162,584.848,67.943,0.0,6230,12.3,0.00337
# --- FINAL: lane-grouped scale reduction in both nvfp4 and lnsf4 (committed RTL), lnsf4 antilog = 4 fractional bits. ---
# --- tc32_*: full tensor core (VX_tcu_unit_top) at NUM_THREADS=32 (32 FEDPs, N=4, 2 scale slots/FEDP), NUM_WARPS=16, ---
# --- EXT_F disabled, only the named format enabled (bf16 = default FP16 path, fp16+bf16 share one datapath). Fmax/WNS ---
# --- are NOT meaningful: an unbuffered high-fanout control net gives one flop ~41ns clk->Q (no buffer insertion in ---
# --- this flow). Power is vectorless (no SAIF); trust fp4-vs-fp4 deltas, not fp4-vs-bf16 absolutes. N=8 full TC ---
# --- (FEDP2K+WGMMA) could not be synthesized: yosys OOM-killed even for bf16 alone on this machine. ---
bf16_tc32,32x4,1500,43.332,-22.411,-266757.125,58303.043,12319.225,0.0,577107,186.0,0.39600
nvfp4_tc32,32x4,1500,18.398,-53.6866,-150254.9062,60086.105,17606.808,0.0,599547,1550.0,0.36600
lnsf4_tc32,32x4,1500,18.401,-53.6782,-149235.9844,58463.73,17569.483,0.0,583831,1350.0,0.35500
# --- fin_*: FEDP-only (VX_tcu_fedp_tfr) at N=2/4/8 with realistic scale slots SF=N/2 (16-element blocks) for fp4. ---
bf16_fedp_final,2,1500,1312.566,-0.0952,-9.2535,889.045,120.431,0.0,9116,2.47,0.00592
bf16_fedp_final,4,1500,1318.102,-0.092,-8.5308,911.571,120.722,0.0,9289,2.51,0.00615
bf16_fedp_final,8,1500,1209.677,-0.16,-10.0546,918.365,121.014,0.0,9402,2.49,0.00614
nvfp4_fedp_final,2,1500,741.913,-0.6812,-19.8382,623.922,65.61,0.0,6635,20.8,0.00361
nvfp4_fedp_final,4,1500,733.586,-0.6965,-18.4895,629.214,69.109,0.0,6712,20.8,0.00362
nvfp4_fedp_final,8,1500,737.536,-0.6892,-23.3735,644.072,76.691,0.0,6871,20.4,0.00369
lnsf4_fedp_final,2,1500,765.13,-0.6403,-18.5596,596.162,65.027,0.0,6370,15.4,0.00343
lnsf4_fedp_final,4,1500,754.337,-0.659,-17.8849,602.591,68.526,0.0,6439,14.4,0.00345
lnsf4_fedp_final,8,1500,755.82,-0.6564,-22.8154,619.46,76.108,0.0,6593,14.6,0.00357
