# Rerun of the tfr_isfpga.csv format, scale-format-variant and antilog-sweep experiments with the corrected
# configuration: VX_CFG_NUM_THREADS=32 so TCU_TC_K = N = 4 and vld_mask covers all 32 element slots (no
# [Synth 8-324] out-of-range warnings). Vivado 2024.2.2, xcu55c-fsvh2892-2L-e (U55C), out-of-context post-route,
# 300 MHz, OPT_LEVEL=3, top=VX_tcu_fedp_tfr N=4, 4-stage (VX_CFG_TCU_LATENCY=4), USE_DSP=0 (Wallace-tree multipliers,
# 0 DSPs). fp4 formats SF=2; lnsf4 antilog 4 fractional bits unless swept. Sources: branch feature_mx2
# (variant macros TFR_SFV_53 / TFR_SFV_44 / TFR_W33). Power: vectorless; compare dynamic_power_mw (device_static is whole-chip).
format,N,target_clock_mhz,fmax_mhz,wns_ns,lut,lutram,ff,carry8,dsp,bram,uram,dynamic_power_mw,clocks_mw,clb_logic_mw,signals_mw,dsp_mw,device_static_mw,total_onchip_mw
# --- formats ---
bf16,4,300,302.8,0.031,4907,0,675,102,0,0,0,80.0,11.0,37.0,32.0,0.0,3274.0,3354.0
nvfp4,4,300,341.8,0.407,2561,0,298,36,0,0,0,93.0,5.0,53.0,35.0,0.0,3274.0,3367.0
lnsf4,4,300,328.2,0.286,2409,0,289,36,0,0,0,89.0,5.0,50.0,34.0,0.0,3274.0,3363.0
rzr4,4,300,312.7,0.135,3045,0,314,36,0,0,0,132.0,5.0,75.0,52.0,0.0,3275.0,3408.0
rzr4_lns,4,300,319.3,0.201,2878,0,313,36,0,0,0,117.0,5.0,70.0,41.0,0.0,3275.0,3392.0
# --- scale-factor format variants (synthesis only; baselines nvfp4 = e4m3, lnsf4 = Q4.3 above) ---
nvfp4_e5m3,4,300,322.6,0.233,2550,0,304,36,0,0,0,94.0,5.0,53.0,36.0,0.0,3274.0,3369.0
nvfp4_e4m4,4,300,332.3,0.324,2643,0,292,40,0,0,0,112.0,5.0,64.0,43.0,0.0,3275.0,3387.0
lnsf4_q53,4,300,330.9,0.311,2405,0,289,36,0,0,0,83.0,5.0,47.0,32.0,0.0,3274.0,3358.0
lnsf4_q44,4,300,313.0,0.138,2409,0,289,36,0,0,0,91.0,5.0,50.0,36.0,0.0,3274.0,3365.0
# --- RaZeR W3.3-A4.3 (synthesis only): weights (B) e3m3 scale (rzr4) / signed Q3.3 log scale (rzr4_lns) in sf[5:0]; ---
# --- freed sf[7:6] select the weight special value +-5/+-8; activations keep e4m3 / Q4.3 with SV +-5 (macro TFR_W33). ---
# --- Baselines: rzr4 / rzr4_lns above (W4.3-A4.3, SV +-5). ---
rzr4_w33,4,300,311.6,0.124,3403,0,319,36,0,0,0,130.0,5.0,74.0,50.0,0.0,3275.0,3405.0
rzr4_lns_w33,4,300,330.8,0.310,3145,0,309,36,0,0,0,118.0,5.0,69.0,44.0,0.0,3275.0,3393.0
# --- lnsf4 antilog precision sweep (VX_CFG_TCU_LNSF4_ANTILOG_BITS = 2..8) ---
lnsf4_al2,4,300,321.9,0.226,2323,0,289,34,0,0,0,76.0,5.0,43.0,28.0,0.0,3274.0,3350.0
lnsf4_al3,4,300,329.5,0.298,2364,0,289,34,0,0,0,80.0,5.0,45.0,29.0,0.0,3274.0,3354.0
lnsf4_al4,4,300,331.3,0.315,2398,0,289,36,0,0,0,88.0,5.0,48.0,36.0,0.0,3274.0,3362.0
lnsf4_al5,4,300,328.2,0.286,2409,0,289,36,0,0,0,89.0,5.0,50.0,34.0,0.0,3274.0,3363.0
lnsf4_al6,4,300,325.2,0.258,2465,0,304,36,0,0,0,90.0,5.0,50.0,35.0,0.0,3274.0,3365.0
lnsf4_al7,4,300,322.0,0.227,2564,0,305,36,0,0,0,99.0,5.0,56.0,38.0,0.0,3274.0,3373.0
lnsf4_al8,4,300,309.8,0.105,2615,0,298,36,0,0,0,108.0,5.0,59.0,44.0,0.0,3275.0,3382.0
# --- GPU-generation format sets with VX_CFG_TCU_FEDP2K at NUM_THREADS=32: FEDP N = 2*TCU_TC_K = 8 (requires the ---
# --- vld_mask width fix, commit "tcu: size vld_mask from each FEDP's own N"). top = VX_tcu_fedp_tfr, 4-stage, USE_DSP=0 ---
# --- (Wallace), 300 MHz U55C, OPT_LEVEL=3. volta = fp16; turing = fp16 + int8 + int4; ampere = fp16 + bf16 + tf32 + ---
# --- int8 + int4; hopper = ampere + fp8/bf8; blackwell = fp16 + bf16 + tf32 + fp8/bf8 + mxfp8/mxbf8 + mxfp4 + nvfp4 + ---
# --- int8 (SF=4). fp64 and int1 disregarded. volta/turing drop bf16 via the scratch TFR_NO_BF16 macro (uncommitted). ---
f2k_volta,8,300,277.0,-0.277,9533,0,1209,226,0,0,0,77.0,21.0,34.0,22.0,0.0,3274.0,3351.0
f2k_turing,8,300,265.3,-0.437,15609,0,1313,566,0,0,0,260.0,22.0,144.0,94.0,0.0,3278.0,3538.0
f2k_ampere,8,300,264.1,-0.454,15802,0,1352,598,0,0,0,342.0,23.0,176.0,143.0,0.0,3280.0,3622.0
f2k_hopper,8,300,256.0,-0.573,20918,0,1353,742,0,0,0,595.0,23.0,311.0,261.0,0.0,3285.0,3880.0
f2k_blackwell,8,300,259.1,-0.526,21777,0,1338,770,0,0,0,731.0,23.0,375.0,332.0,0.0,3288.0,4018.0
# --- Fanout of the f2k_* rows (logical, post_synth.dcp; load = leaf input pin). operand = a_row/b_col bits; fmt = fmt_s ---
# --- bits; s1 = stage 1 (MULTIPLY) = combinational fan-out cone of the input ports up to the first register. ---
arch,s1_cells,all_cells,operand_nets,operand_loads,operand_avg_fanout,operand_max_fanout,operand_nets_fo_gt16,operand_nets_fo_gt64,fmt_nets,fmt_loads,fmt_avg_fanout,fmt_max_fanout,fmt_nets_fo_gt16,fmt_nets_fo_gt64,s1_nets,s1_loads,s1_avg_fanout,s1_max_fanout,s1_nets_fo_gt16,s1_nets_fo_gt64,all_nets,all_loads,all_avg_fanout,all_max_fanout,all_nets_fo_gt16,all_nets_fo_gt64,s1_loads_vs_volta_pct,operand_avg_fanout_vs_volta_pct
f2k_volta,6742,12441,512,8197,16.010,30,288,0,5,209,41.800,48,5,0,7078,24250,3.426,138,207,78,12952,51625,3.986,952,472,124,0.0,0.0
f2k_turing,14220,20228,512,24192,47.250,66,512,4,5,458,91.600,206,5,4,16348,43898,2.685,175,243,113,22562,74366,3.296,959,545,175,81.0,195.1
f2k_ampere,14617,20618,512,20488,40.016,59,512,0,5,617,123.400,249,5,4,16889,49630,2.939,1122,517,67,23096,80313,3.477,1215,820,129,104.7,149.9
f2k_hopper,20952,26958,512,25453,49.713,79,512,51,5,4067,813.400,2221,5,5,24088,69511,2.886,165,621,59,30300,101656,3.355,1743,930,126,186.6,210.5
f2k_blackwell,21954,28041,512,25432,49.672,78,512,40,5,3015,603.000,1866,5,5,25254,75643,2.995,170,749,73,31547,107944,3.422,1455,1072,143,211.9,210.3
